StartDate,EndDate,Status,IPAddress,Progress,Duration (in seconds),Finished,RecordedDate,ResponseId,RecipientLastName,RecipientFirstName,RecipientEmail,ExternalReference,LocationLatitude,LocationLongitude,DistributionChannel,UserLanguage,Informed Consent,Past Participation,Knowledge_1,Knowledge_2,Knowledge_3,Knowledge_4,Knowledge_5,Knowledge_6,Knowledge_7,Knowledge_8,Knowledge_9,Knowledge_10,Knowledge_11,Knowledge_12,Knowledge_13,Knowledge_14,Knowledge_15,Knowledge_16,Knowledge_17,Knowledge_18,Knowledge_19,Attitudes_77,Attitudes_78,Attitudes_79,Attitudes_80,Attitudes_81,Attitudes_82,Attitudes_83,Attitudes_84,Attitudes_85,Attitudes_86,Attitudes_87,Attitudes_88,Attitudes_89,Attitudes_90,Attitudes_91,Intention_1,Intention_2,HL_1,HL_2,HL_3,HL_4,PROLIFIC_PID,STUDY_ID,SESSION_ID
Start Date,End Date,Response Type,IP Address,Progress,Duration (in seconds),Finished,Recorded Date,Response ID,Recipient Last Name,Recipient First Name,Recipient Email,External Data Reference,Location Latitude,Location Longitude,Distribution Channel,User Language,"Informed Consent Protocol #ET00045896


Title of Project: Tailoring Information about Clinical Trials using a Web-Based Intervention with Virtual Characters



Principle Investigator: Rashi Ghosh



Please read the information below carefully before you decide to participate in this research study. Your participation is voluntary. You can decide not to participate or later decide to stop participating at any time without penalty or lose any benefits that would normally be expected.


Purpose of the Study: 

The purpose of this study is to explore how virtual characters delivering personalized, tailored information about clinical trials will affect users’ intent to participate and/or learn more about clinical trials.



What will you be asked to do: 

(1) First, you will complete a pre-survey on Qualtrics. Some of your responses from the pre-survey will be used during the intervention. (2) Then, you will complete the virtual character web-based intervention in your web browser. (3) After the intervention, you will fill out a post-survey in Qualtrics.



Time Required:


	30 - 45 minutes



Compensation:


	Monetary compensation of $6.00 USD 



Research Benefits:  

There are no direct benefits to you for being in this study. There may be a benefit to others depending on the results of this study.



Research Risks:

There are no direct benefits to you for participating in the study. The risks associated with participating in this study are no more than the risks involved in sitting in front of a computer monitor. You have the right to withdraw from the study at any time without consequence.



Statement of Confidentiality: 

Your participation in this research is confidential. Information collected about you will be stored in computers with security passwords or in locked filing cabinets. Only certain people have the legal right to review these research records, and they will protect the secrecy (confidentiality) of these records as much as the law allows.  These people include the researchers for this study, certain University of Florida officials, and the Institutional Review Board (IRB; an IRB is a group of people who are responsible for looking after the rights and welfare of people taking part in research). Otherwise your research records will not be released without your permission unless required by law or a court order.  The researchers will not share your name or other identifiable information about you if they publish, present, or share the results of this research.     



Who to contact if you have questions or injured: 

Please contact Rashi Ghosh at rashighosh@ufl.edu with questions or concerns about this study. 



Voluntary Participation: 

Your decision to be in this research is voluntary. You do not have to do any study activities that you do not want to take part in.  You can stop at any time. If you decide you want to stop participating in the research, you can let the research team know or contact the Principal Investigator at any time at rashighosh@ufl.edu.  If you choose not to take part, this will have no effect on you or your relationships with the University of Florida.  If you have any questions about your rights as a research subject, you can phone the Institutional Review Board at 352-273-9600.


Participation in the research implies that you have read the information in this form and consent to take part in the research. Please save a copy of this form for your records or future reference.
 

Study participation agreement:",Have you ever participated in a clinical trial in the past?,"Instructions: The following 19 statements refer to general information about clinical
trials. Please answer whether you believe each treatment is: true or false. - ""Informed consent"" means that I am given information about the trial so I can freely decide whether to participate.","Instructions: The following 19 statements refer to general information about clinical
trials. Please answer whether you believe each treatment is: true or false. - ""Standard treatments"" are the best treatments currently known for a cancer.","Instructions: The following 19 statements refer to general information about clinical
trials. Please answer whether you believe each treatment is: true or false. - Standard treatments are never as good as new research treatments.","Instructions: The following 19 statements refer to general information about clinical
trials. Please answer whether you believe each treatment is: true or false. - Treatments used in clinical trials may cause side effects.","Instructions: The following 19 statements refer to general information about clinical
trials. Please answer whether you believe each treatment is: true or false. - It is up to me to decide whether to be in clinical trial.","Instructions: The following 19 statements refer to general information about clinical
trials. Please answer whether you believe each treatment is: true or false. - Patients in clinical trials must get their care at different places from patients getting standard treatments.","Instructions: The following 19 statements refer to general information about clinical
trials. Please answer whether you believe each treatment is: true or false. - If I were to join a clinical trial, I could decide to stop at any time.","Instructions: The following 19 statements refer to general information about clinical
trials. Please answer whether you believe each treatment is: true or false. - ""Randomization"" means that my treatment will be chosen by chance.","Instructions: The following 19 statements refer to general information about clinical
trials. Please answer whether you believe each treatment is: true or false. - Once I join a clinical trial, my own doctor will not know what happens to me.","Instructions: The following 19 statements refer to general information about clinical
trials. Please answer whether you believe each treatment is: true or false. - Most clinical trials involve a placebo (sugar pill).","Instructions: The following 19 statements refer to general information about clinical
trials. Please answer whether you believe each treatment is: true or false. - Side effects in clinical trials are usually worse than with standard treatments.","Instructions: The following 19 statements refer to general information about clinical
trials. Please answer whether you believe each treatment is: true or false. - Clinical trials are only used as a last resort.","Instructions: The following 19 statements refer to general information about clinical
trials. Please answer whether you believe each treatment is: true or false. - The only way to find out about clinical trials is from my doctor.","Instructions: The following 19 statements refer to general information about clinical
trials. Please answer whether you believe each treatment is: true or false. - Clinical trials are not appropriate for patients with cancer.","Instructions: The following 19 statements refer to general information about clinical
trials. Please answer whether you believe each treatment is: true or false. - My doctor can start a clinical trial without the approval of professionals who protect patient rights.","Instructions: The following 19 statements refer to general information about clinical
trials. Please answer whether you believe each treatment is: true or false. - A clinical trial is available for anyone with cancer who wants to take part.","Instructions: The following 19 statements refer to general information about clinical
trials. Please answer whether you believe each treatment is: true or false. - Institutional Review Boards review and monitor clinical trials to keep patients safe.","Instructions: The following 19 statements refer to general information about clinical
trials. Please answer whether you believe each treatment is: true or false. - Informed Consent mainly protects researchers from lawsuits.","Instructions: The following 19 statements refer to general information about clinical
trials. Please answer whether you believe each treatment is: true or false. - Clinical trials are done to improve standard treatments.","Instructions: The following section contains 15 items about your feelings regarding cancer and clinical trials. Please drag the slider to represent your level of agreement with each statement. - I believe clinical trials are only for people with cancer that cannot be treated any other way. (0 = Strongly Disagree, 50 = Neither Agree nor Disagree, and 100 = Strongly Agree)","Instructions: The following section contains 15 items about your feelings regarding cancer and clinical trials. Please drag the slider to represent your level of agreement with each statement. - I do not trust the medical system. (0 = Strongly Disagree, 50 = Neither Agree nor Disagree, and 100 = Strongly Agree)","Instructions: The following section contains 15 items about your feelings regarding cancer and clinical trials. Please drag the slider to represent your level of agreement with each statement. - I am worried that the treatment I receive in a clinical trial would not work for me. (0 = Strongly Disagree, 50 = Neither Agree nor Disagree, and 100 = Strongly Agree)","Instructions: The following section contains 15 items about your feelings regarding cancer and clinical trials. Please drag the slider to represent your level of agreement with each statement. - I am concerned that participating in a clinical trial may be dangerous. (0 = Strongly Disagree, 50 = Neither Agree nor Disagree, and 100 = Strongly Agree)","Instructions: The following section contains 15 items about your feelings regarding cancer and clinical trials. Please drag the slider to represent your level of agreement with each statement. - I have concerns about the time, transportation, and/or travel required to participate in a clinical trial. (0 = Strongly Disagree, 50 = Neither Agree nor Disagree, and 100 = Strongly Agree)","Instructions: The following section contains 15 items about your feelings regarding cancer and clinical trials. Please drag the slider to represent your level of agreement with each statement. - I am worried about the financial burden of participating in a clinical trial. (0 = Strongly Disagree, 50 = Neither Agree nor Disagree, and 100 = Strongly Agree)","Instructions: The following section contains 15 items about your feelings regarding cancer and clinical trials. Please drag the slider to represent your level of agreement with each statement. - I'm worried that my family wouldn't want me to go on a clinical trial. (0 = Strongly Disagree, 50 = Neither Agree nor Disagree, and 100 = Strongly Agree)","Instructions: The following section contains 15 items about your feelings regarding cancer and clinical trials. Please drag the slider to represent your level of agreement with each statement. - I am concerned about the privacy of my personal medical information if I participate in a clinical trial. (0 = Strongly Disagree, 50 = Neither Agree nor Disagree, and 100 = Strongly Agree)","Instructions: The following section contains 15 items about your feelings regarding cancer and clinical trials. Please drag the slider to represent your level of agreement with each statement. - I'm worried that my medical care won't be as good if I join a clinical trial. (0 = Strongly Disagree, 50 = Neither Agree nor Disagree, and 100 = Strongly Agree)","Instructions: The following section contains 15 items about your feelings regarding cancer and clinical trials. Please drag the slider to represent your level of agreement with each statement. - I am concerned about being treated as an experiment rather than a person in a clinical trial. (0 = Strongly Disagree, 50 = Neither Agree nor Disagree, and 100 = Strongly Agree)","Instructions: The following section contains 15 items about your feelings regarding cancer and clinical trials. Please drag the slider to represent your level of agreement with each statement. - I'm afraid I'll get a sugar pill (placebo) instead of real medicine on a clinical trial. (0 = Strongly Disagree, 50 = Neither Agree nor Disagree, and 100 = Strongly Agree)","Instructions: The following section contains 15 items about your feelings regarding cancer and clinical trials. Please drag the slider to represent your level of agreement with each statement. - I wouldn't ask about clinical trials unless my doctor brought them up first. (0 = Strongly Disagree, 50 = Neither Agree nor Disagree, and 100 = Strongly Agree)","Instructions: The following section contains 15 items about your feelings regarding cancer and clinical trials. Please drag the slider to represent your level of agreement with each statement. - I don't like to try new treatments until they've been around for a while. (0 = Strongly Disagree, 50 = Neither Agree nor Disagree, and 100 = Strongly Agree)","Instructions: The following section contains 15 items about your feelings regarding cancer and clinical trials. Please drag the slider to represent your level of agreement with each statement. - I am not familiar with what clinical trials are. (0 = Strongly Disagree, 50 = Neither Agree nor Disagree, and 100 = Strongly Agree)","Instructions: The following section contains 15 items about your feelings regarding cancer and clinical trials. Please drag the slider to represent your level of agreement with each statement. - I'm afraid that if I take part in a clinical trial my treatment will be selected at random by a computer rather than by my doctor. (0 = Strongly Disagree, 50 = Neither Agree nor Disagree, and 100 = Strongly Agree)","Please drag the slider to represent your level of agreement with the following statement. - I intend to participate in a clinical trial in the future. (0 = Strongly Disagree, 50 = Neither Agree nor Disagree, and 100 = Strongly Agree)","Please drag the slider to represent your level of agreement with the following statement. - I intend to discuss participating in a clinical trial with my provider in the future. (0 = Strongly Disagree, 50 = Neither Agree nor Disagree, and 100 = Strongly Agree)",How often do you have someone help you read hospital materials?,How confident are you filling out medical forms by yourself?,How often do you have problems learning about your medical condition because of difficulty understanding written information?,How often do you have a problem understanding what is told to you about your medical condition?,PROLIFIC_PID,STUDY_ID,SESSION_ID
"{""ImportId"":""startDate"",""timeZone"":""Z""}","{""ImportId"":""endDate"",""timeZone"":""Z""}","{""ImportId"":""status""}","{""ImportId"":""ipAddress""}","{""ImportId"":""progress""}","{""ImportId"":""duration""}","{""ImportId"":""finished""}","{""ImportId"":""recordedDate"",""timeZone"":""Z""}","{""ImportId"":""_recordId""}","{""ImportId"":""recipientLastName""}","{""ImportId"":""recipientFirstName""}","{""ImportId"":""recipientEmail""}","{""ImportId"":""externalDataReference""}","{""ImportId"":""locationLatitude""}","{""ImportId"":""locationLongitude""}","{""ImportId"":""distributionChannel""}","{""ImportId"":""userLanguage""}","{""ImportId"":""QID21""}","{""ImportId"":""QID14""}","{""ImportId"":""QID1719261572_1""}","{""ImportId"":""QID1719261572_2""}","{""ImportId"":""QID1719261572_3""}","{""ImportId"":""QID1719261572_4""}","{""ImportId"":""QID1719261572_5""}","{""ImportId"":""QID1719261572_6""}","{""ImportId"":""QID1719261572_7""}","{""ImportId"":""QID1719261572_8""}","{""ImportId"":""QID1719261572_9""}","{""ImportId"":""QID1719261572_10""}","{""ImportId"":""QID1719261572_11""}","{""ImportId"":""QID1719261572_12""}","{""ImportId"":""QID1719261572_13""}","{""ImportId"":""QID1719261572_14""}","{""ImportId"":""QID1719261572_15""}","{""ImportId"":""QID1719261572_16""}","{""ImportId"":""QID1719261572_17""}","{""ImportId"":""QID1719261572_18""}","{""ImportId"":""QID1719261572_19""}","{""ImportId"":""QID1719261573_77""}","{""ImportId"":""QID1719261573_78""}","{""ImportId"":""QID1719261573_79""}","{""ImportId"":""QID1719261573_80""}","{""ImportId"":""QID1719261573_81""}","{""ImportId"":""QID1719261573_82""}","{""ImportId"":""QID1719261573_83""}","{""ImportId"":""QID1719261573_84""}","{""ImportId"":""QID1719261573_85""}","{""ImportId"":""QID1719261573_86""}","{""ImportId"":""QID1719261573_87""}","{""ImportId"":""QID1719261573_88""}","{""ImportId"":""QID1719261573_89""}","{""ImportId"":""QID1719261573_90""}","{""ImportId"":""QID1719261573_91""}","{""ImportId"":""QID1719214662_1""}","{""ImportId"":""QID1719214662_2""}","{""ImportId"":""QID1719257073""}","{""ImportId"":""QID1719257074""}","{""ImportId"":""QID1719257075""}","{""ImportId"":""QID1719257076""}","{""ImportId"":""PROLIFIC_PID""}","{""ImportId"":""STUDY_ID""}","{""ImportId"":""SESSION_ID""}"
2025-11-21 14:07:31,2025-11-21 14:10:33,0,128.227.1.54,100,181,1,2025-11-21 14:10:33,R_5CB0EGjjitVl79l,,,,,29.6138,-82.386,anonymous,EN,1,2,1,3,2,1,1,1,1,1,3,2,2,2,3,2,2,1,1,1,1,80,38,87,74,80,81,26,29,50,27,73,77,76,34,18,21,86,3,5,4,5,,,
